Team Number,Rank,NormalOPR,Obstacles
118,1,1,30
296,7,0.516667,20
610,4,0.889855,10
746,8,0.304348,14
1075,9,0.343841,15
1114,2,0.999638,3
1241,5,0.672826,55
1246,6,0.490217,60
1285,3,0.860145,12